"","Dw"
"1",0.0244058532535372
"2",0.0244058532535372
"3",0.0244058532535372
"4",0.0244058532535372
"5",0.0261874286504999
"6",0.0261874286504999
"7",0.0261874286504999
"8",0.0261528349534715
"9",0.0261528349534715
"10",0.0261528349534715
"11",0.0261528349534715
"12",0.0261528349534715
"13",0.0292316739889992
"14",0.0292316739889992
"15",0.0292316739889992
"16",0.0292316739889992
"17",0.0313072958107033
"18",0.0322067319334417
"19",0.0322067319334417
"20",0.0377763171550144
"21",0.0377763171550144
"22",0.0448680250458366
"23",0.0467360846853703
"24",0.0505586882070087
"25",0.0523402636039714
"26",0.0536375272425364
"27",0.0536375272425364
"28",0.0536375272425364
"29",0.0536375272425364
"30",0.0557131490642405
"31",0.0557131490642405
"32",0.0557131490642405
"33",0.0566125851869789
"34",0.0554191026394991
"35",0.0554191026394991
"36",0.0566125851869789
"37",0.0553845089424707
"38",0.0574947244612032
"39",0.0574947244612032
"40",0.0574601307641748
"41",0.0574601307641748
"42",0.0583941605839416
"43",0.0576676929463452
"44",0.0583941605839416
"45",0.0589130660393676
"46",0.0614384059224409
"47",0.0609713910125575
"48",0.0670079911440136
"49",0.0670079911440136
"50",0.068339848479607
"51",0.0701214238765697
"52",0.0710208599993081
"53",0.0720586709101602
"54",0.0729235133358702
"55",0.0740996990348359
"56",0.0761753208565399
"57",0.0759677586743695
"58",0.0770747569792784
"59",0.0780433804960736
"60",0.0819005777147404
"61",0.081865984017712
"62",0.0820735461998824
"63",0.0815719375929706
"64",0.0861037119036912
"65",0.0879198809976822
"66",0.0883695990590515
"67",0.0896668626976165
"68",0.0914138443975508
"69",0.0919846403985194
"70",0.0919846403985194
"71",0.0914138443975508
"72",0.0934894662192549
"73",0.0943889023419933
"74",0.0931954197945134
"75",0.093160826097485
"76",0.0945272771301069
"77",0.0955477911924447
"78",0.0944926834330785
"79",0.096170477738956
"80",0.096170477738956
"81",0.0971045075587228
"82",0.0973466634379216
"83",0.0975715224686062
"84",0.100581174110077
"85",0.0992147230774553
"86",0.0987477081675719
"87",0.0987477081675719
"88",0.0993530978655689
"89",0.10236274950704
"90",0.101290344899159
"91",0.102328155810011
"92",0.102328155810011
"93",0.102535717992182
"94",0.104403777631716
"95",0.105130245269312
"96",0.105095651572284
"97",0.106306430968278
"98",0.108053412668212
"99",0.107448022970215
"100",0.107897741031584
"101",0.108831770851351
"102",0.107897741031584
"103",0.110163628186944
"104",0.110163628186944
"105",0.110699830490885
"106",0.111097658006711
"107",0.111305220188882
"108",0.11199709412945
"109",0.11199709412945
"110",0.11393434116304
"111",0.113380842010586
"112",0.114626215103608
"113",0.112879233403674
"114",0.114332168678867
"115",0.115075933164977
"116",0.116355899955028
"117",0.115681322862974
"118",0.116407790500571
"119",0.117151554986681
"120",0.117151554986681
"121",0.117151554986681
"122",0.117151554986681
"123",0.116373196803542
"124",0.117583976199536
"125",0.118483412322275
"126",0.118933130383644
"127",0.118466115473761
"128",0.119832566506383
"129",0.119642301172726
"130",0.120576330992493
"131",0.120576330992493
"132",0.119365551596499
"133",0.122409796934998
"134",0.121008752205348
"135",0.121614141903345
"136",0.120680112083578
"137",0.123257342512194
"138",0.123620576330993
"139",0.122409796934998
"140",0.122842218147853
"141",0.123810841664649
"142",0.124658387241845
"143",0.126768602760577
"144",0.12583457294081
"145",0.127252914518975
"146",0.126439962638807
"147",0.127633445186287
"148",0.127633445186287
"149",0.129138271007023
"150",0.128636662400111
"151",0.128671256097139
"152",0.127581554640744
"153",0.130055003978275
"154",0.130660393676272
"155",0.130660393676272
"156",0.130591206282215
"157",0.131559829799011
"158",0.132580343861348
"159",0.131801985678209
"160",0.132770609195005
"161",0.132269000588093
"162",0.133012765074203
"163",0.134137060227627
"164",0.134655965683053
"165",0.133635451620715
"166",0.135105683744422
"167",0.134361919258311
"168",0.135659182896876
"169",0.136402947382987
"170",0.137423461445325
"171",0.138322897568063
"172",0.13818452277995
"173",0.139568270661086
"174",0.139481786418515
"175",0.138962880963089
"176",0.140813643754108
"177",0.139533676964057
"178",0.140467706783824
"179",0.139014771508631
"180",0.140104472965026
"181",0.14077905005708
"182",0.140433113086796
"183",0.141142283875878
"184",0.141003909087764
"185",0.143338983637181
"186",0.143166015152039
"187",0.14131525236102
"188",0.140761753208565
"189",0.141972532604559
"190",0.143304389940153
"191",0.145414605458885
"192",0.144394091396548
"193",0.14563946448957
"194",0.145085965337116
"195",0.144947590549002
"196",0.146158369944996
"197",0.147490227280589
"198",0.145258933822258
"199",0.145258933822258
"200",0.148164804372643
"201",0.147715086311274
"202",0.148908568858754
"203",0.149808004981492
"204",0.1511571591656
"205",0.149911786072578
"206",0.151520392984398
"207",0.152921437714049
"208",0.152194970076452
"209",0.15300792195662
"210",0.152713875531878
"211",0.15288684401702
"212",0.155498668142664
"213",0.154927872141696
"214",0.154184107655585
"215",0.154184107655585
"216",0.158612100875221
"217",0.158006711177224
"218",0.15894074099699
"219",0.158006711177224
"220",0.159511536997959
"221",0.158958037845505
"222",0.158923444148476
"223",0.16165634621372
"224",0.162261735911717
"225",0.162469298093887
"226",0.163801155429481
"227",0.16544435603833
"228",0.164510326218563
"229",0.162832531912686
"230",0.163264953125541
"231",0.165721105614557
"232",0.165548137129415
"233",0.166810807070952
"234",0.16890372574117
"235",0.168090773861003
"236",0.168523195073858
"237",0.169457224893624
"238",0.169370740651053
"239",0.168332929740201
"240",0.170356661016363
"241",0.170668004289618
"242",0.171602034109385
"243",0.171411768775729
"244",0.171567440412357
"245",0.170460442107448
"246",0.172138236413326
"247",0.172743626111323
"248",0.173677655931089
"249",0.174058186598402
"250",0.172103642716297
"251",0.173435500051891
"252",0.17475006053897
"253",0.175960839934964
"254",0.174767357387484
"255",0.174767357387484
"256",0.17507870066074
"257",0.176721901269589
"258",0.173850624416231
"259",0.175217075448853
"260",0.177828899574498
"261",0.175424637631024
"262",0.175632199813194
"263",0.176427854844847
"264",0.177258103573529
"265",0.179247241152662
"266",0.178503476666551
"267",0.180492614245684
"268",0.179039678970492
"269",0.178468882969523
"270",0.179454803334832
"271",0.180388833154599
"272",0.18080395751894
"273",0.181305566125852
"274",0.179869927699173
"275",0.180786660670426
"276",0.181219081883281
"277",0.182689314006988
"278",0.182135814854534
"279",0.18286228249213
"280",0.184003874494067
"281",0.18286228249213
"282",0.184349811464351
"283",0.184609264192064
"284",0.184228733524752
"285",0.183294703704985
"286",0.185283841284118
"287",0.183035250977272
"288",0.185647075102916
"289",0.18459196734355
"290",0.18492060746532
"291",0.186477323831598
"292",0.186183277406856
"293",0.185906527830629
"294",0.187739993773135
"295",0.189608053412668
"296",0.188016743349362
"297",0.188622133047359
"298",0.18772269692462
"299",0.187670806379078
"300",0.190282630504722
"301",0.190282630504722
"302",0.191009098142318
"303",0.189867506140381
"304",0.189019960563185
"305",0.189486975473069
"306",0.190818832808662
"307",0.192531220811568
"308",0.191597190991801
"309",0.190991801293804
"310",0.190663161172034
"311",0.192358252326426
"312",0.191856643719514
"313",0.192219877538313
"314",0.191337738264088
"315",0.191095582384889
"316",0.19324039160065
"317",0.192842564084824
"318",0.193672812813505
"319",0.192531220811568
"320",0.195021966997613
"321",0.19324039160065
"322",0.192998235721452
"323",0.195212232331269
"324",0.193378766388764
"325",0.194641436330301
"326",0.195143044937212
"327",0.195644653544124
"328",0.194779811118414
"329",0.194779811118414
"330",0.195523575604525
"331",0.196509495969834
"332",0.196007887362922
"333",0.196561386515377
"334",0.195021966997613
"335",0.196111668454008
"336",0.196872729788633
"337",0.19789324385097
"338",0.197927837547999
"339",0.197754869062857
"340",0.198394852457882
"341",0.199640225550905
"342",0.198931054761822
"343",0.199467257065763
"344",0.19962292870239
"345",0.199467257065763
"346",0.201525582038953
"347",0.2006088490677
"348",0.202701767737918
"349",0.204120109316083
"350",0.202701767737918
"351",0.202701767737918
"352",0.20168125367558
"353",0.205054139135849
"354",0.203601203860657
"355",0.202753658283461
"356",0.203601203860657
"357",0.203999031376483
"358",0.204639014771509
"359",0.204483343134881
"360",0.205002248590307
"361",0.204483343134881
"362",0.205728716227903
"363",0.205192513923963
"364",0.207268135745667
"365",0.207787041201093
"366",0.206541668108071
"367",0.206610855502128
"368",0.208167571868406
"369",0.210796692842564
"370",0.209516726052513
"371",0.209568616598056
"372",0.20991455356834
"373",0.211557754177189
"374",0.211592347874217
"375",0.210225896841595
"376",0.210225896841595
"377",0.210502646417823
"378",0.211125332964334
"379",0.212491783996956
"380",0.212543674542498
"381",0.212543674542498
"382",0.212543674542498
"383",0.211211817206905
"384",0.213425813816723
"385",0.214359843636489
"386",0.21456740581866
"387",0.213996609817691
"388",0.214757671152316
"389",0.216072231639395
"390",0.215708997820597
"391",0.216227903276023
"392",0.218199744006642
"393",0.21716193309579
"394",0.216435465458194
"395",0.216003044245339
"396",0.216746808731449
"397",0.217404088974989
"398",0.216037637942367
"399",0.217438682672017
"400",0.216591137094821
"401",0.218182447158128
"402",0.218511087279898
"403",0.216158715881966
"404",0.218701352613554
"405",0.220240772131318
"406",0.220240772131318
"407",0.218580274673954
"408",0.219151070674923
"409",0.220828864980801
"410",0.220828864980801
"411",0.220171584737261
"412",0.221192098799599
"413",0.221019130314457
"414",0.221468848375826
"415",0.222696924620334
"416",0.22288718995399
"417",0.221935863285709
"418",0.224236344138098
"419",0.225914138443976
"420",0.224980108624209
"421",0.223786626076729
"422",0.225256858200436
"423",0.224772546442038
"424",0.224720655896496
"425",0.225204967654893
"426",0.22473795274501
"427",0.22646763759643
"428",0.228231916144878
"429",0.228058947659736
"430",0.227263292628083
"431",0.22819732244785
"432",0.227937869720137
"433",0.227730307537967
"434",0.228007057114194
"435",0.230134569481441
"436",0.229961600996299
"437",0.231034005604179
"438",0.229235133358702
"439",0.229494586086415
"440",0.231535614211091
"441",0.23046320960321
"442",0.231829660635832
"443",0.231864254332861
"444",0.23079184972498
"445",0.233161517971426
"446",0.232729096758571
"447",0.232141003909088
"448",0.231933441726917
"449",0.229909710450756
"450",0.232106410212059
"451",0.231846957484346
"452",0.233974469851593
"453",0.234527969004048
"454",0.235098765005016
"455",0.235358217732729
"456",0.236672778219808
"457",0.236447919189124
"458",0.23630954440101
"459",0.236949527796036
"460",0.238091119797973
"461",0.236344138098039
"462",0.235756045248556
"463",0.235756045248556
"464",0.237208980523749
"465",0.236153872764382
"466",0.237727885979175
"467",0.236257653855468
"468",0.23696682464455
"469",0.23816030719203
"470",0.238246791434601
"471",0.237399245857405
"472",0.238419759919743
"473",0.237589511191061
"474",0.23902514961774
"475",0.238679212647456
"476",0.239146227557339
"477",0.239007852769225
"478",0.237364652160376
"479",0.238454353616771
"480",0.240495381741447
"481",0.240875912408759
"482",0.240132147922649
"483",0.240478084892933
"484",0.240322413256305
"485",0.240478084892933
"486",0.242380738229495
"487",0.243418549140347
"488",0.240305116407791
"489",0.241429411561214
"490",0.2412910367731
"491",0.241636973743384
"492",0.243833673504687
"493",0.241688864288927
"494",0.243729892413602
"495",0.242605597260179
"496",0.244525547445256
"497",0.243833673504687
"498",0.24367800186806
"499",0.245494170962051
"500",0.244490953748227
"501",0.245874701629363
"502",0.24475040647594
"503",0.243954751444287
"504",0.244923374961082
"505",0.245649842598679
"506",0.244992562355139
"507",0.246843325146158
"508",0.245355796173937
"509",0.246791434600616
"510",0.247102777873871
"511",0.248676791088664
"512",0.247448714844155
"513",0.247102777873871
"514",0.247587089632269
"515",0.246341716539247
"516",0.248434635209465
"517",0.247068184176843
"518",0.247275746359013
"519",0.249178399695576
"520",0.24919569654409
"521",0.251063756183623
"522",0.249264883938146
"523",0.250769709758882
"524",0.251046459335109
"525",0.250735116061854
"526",0.252412910367731
"527",0.248849759573806
"528",0.252447504064759
"529",0.252136160791504
"530",0.25092538139551
"531",0.254730688068634
"532",0.253139378005327
"533",0.254280970007265
"534",0.25438475109835
"535",0.253692877157782
"536",0.254869062856748
"537",0.255370671463659
"538",0.253156674853842
"539",0.255768498979486
"540",0.254696094371606
"541",0.255353374615145
"542",0.256529560314111
"543",0.256667935102224
"544",0.256027951707199
"545",0.257705746013076
"546",0.258570588438786
"547",0.257601964921991
"548",0.258639775832843
"549",0.256477669768568
"550",0.257550074376449
"551",0.258293838862559
"552",0.259020306500156
"553",0.259487321410039
"554",0.258120870377417
"555",0.259072197045698
"556",0.258830041166499
"557",0.259020306500156
"558",0.260507835472377
"559",0.257999792437818
"560",0.261441865292144
"561",0.261234303109973
"562",0.262341301414882
"563",0.259262462379355
"564",0.262981284809908
"565",0.262272114020825
"566",0.260871069291175
"567",0.262963987961393
"568",0.262842910021794
"569",0.261493755837686
"570",0.26249697305151
"571",0.262860206870308
"572",0.263725049296018
"573",0.26389801778116
"574",0.26282561317328
"575",0.26336181547722
"576",0.263846127235618
"577",0.265939045905836
"578",0.264053689417788
"579",0.263725049296018
"580",0.266665513543432
"581",0.266215795482063
"582",0.26628498287612
"583",0.267962777181997
"584",0.265939045905836
"585",0.266838482028574
"586",0.266163904936521
"587",0.26562770263258
"588",0.267893589787941
"589",0.26562770263258
"590",0.266630919846404
"591",0.268498979485938
"592",0.271162694157125
"593",0.27114539730861
"594",0.269882727367074
"595",0.269294634517591
"596",0.271750787006607
"597",0.271992942885806
"598",0.26855087003148
"599",0.270488117065071
"600",0.272442660947176
"601",0.272165911370948
"602",0.271785380703636
"603",0.271698896461065
"604",0.271560521672951
"605",0.27233887985609
"606",0.271819974400664
"607",0.272840488463002
"608",0.271387553187809
"609",0.272944269554087
"610",0.272892379008545
"611",0.271179991005639
"612",0.274968000830249
"613",0.273930189919397
"614",0.272840488463002
"615",0.274795032345107
"616",0.273722627737226
"617",0.273722627737226
"618",0.2761268896807
"619",0.275659874770817
"620",0.275158266163905
"621",0.275140969315391
"622",0.274795032345107
"623",0.274293423738195
"624",0.27493340713322
"625",0.276836060469782
"626",0.276974435257896
"627",0.277770090289549
"628",0.274570173314422
"629",0.277735496592521
"630",0.278911682291487
"631",0.279153838170685
"632",0.278098730411319
"633",0.278427370533089
"634",0.279153838170685
"635",0.278877088594458
"636",0.277683606046978
"637",0.280468398657765
"638",0.277043622651953
"639",0.278496557927146
"640",0.280157055384509
"641",0.279119244473657
"642",0.279568962535026
"643",0.279430587746913
"644",0.278237105199433
"645",0.280485695506279
"646",0.278565745321202
"647",0.278323589442004
"648",0.279966790050853
"649",0.278548448472688
"650",0.279880305808282
"651",0.280952710416162
"652",0.280139758535995
"653",0.280399211263708
"654",0.279551665686512
"655",0.280399211263708
"656",0.280485695506279
"657",0.280364617566679
"658",0.282025115024043
"659",0.281731068599301
"660",0.279966790050853
"661",0.280935413567648
"662",0.280624070294392
"663",0.281592693811188
"664",0.283512643996264
"665",0.281142975749818
"666",0.280935413567648
"667",0.280866226173591
"668",0.282267270903241
"669",0.281834849690386
"670",0.281385131629017
"671",0.282284567751756
"672",0.281800255993358
"673",0.282457536236898
"674",0.28250942678244
"675",0.282699692116096
"676",0.284446673816031
"677",0.283426159753693
"678",0.285363406787283
"679",0.283443456602207
"680",0.284792610786315
"681",0.283616425087349
"682",0.286072577576366
"683",0.284342892724946
"684",0.284758017089286
"685",0.284775313937801
"686",0.284602345452659
"687",0.285951499636766
"688",0.285986093333795
"689",0.28596879648528
"690",0.286729857819905
"691",0.287248763275331
"692",0.286453108243678
"693",0.286643373577334
"694",0.286124468121908
"695",0.28716227903276
"696",0.286366624001107
"697",0.289289791400007
"698",0.287456325457502
"699",0.289186010308922
"700",0.290050852734632
"701",0.288597917459439
"702",0.289670322067319
"703",0.288926557581209
"704",0.290327602310859
"705",0.291745943889023
"706",0.289722212612862
"707",0.291745943889023
"708",0.290327602310859
"709",0.288978448126751
"710",0.291728647040509
"711",0.290293008613831
"712",0.290223821219774
"713",0.290811914069257
"714",0.292161068253364
"715",0.292057287162279
"716",0.290760023523714
"717",0.29148649116131
"718",0.292507005223648
"719",0.293648597225586
"720",0.290016259037603
"721",0.292368630435535
"722",0.292230255647421
"723",0.293648597225586
"724",0.292939426436503
"725",0.29387345625627
"726",0.294167502681012
"727",0.29333725395233
"728",0.293717784619642
"729",0.294790189227523
"730",0.29333725395233
"731",0.293942643650327
"732",0.295655031653233
"733",0.295412875774034
"734",0.295793406441346
"735",0.294980454561179
"736",0.295897187532432
"737",0.295136126197807
"738",0.295879890683917
"739",0.297799840868994
"740",0.296104749714602
"741",0.29453073649981
"742",0.296346905593801
"743",0.295326391531463
"744",0.296243124502716
"745",0.296329608745287
"746",0.298370636869962
"747",0.297280935413568
"748",0.29700418583734
"749",0.295862593835403
"750",0.297938215657107
"751",0.297938215657107
"752",0.299564119417442
"753",0.298993323416474
"754",0.298405230566991
"755",0.300463555540181
"756",0.300290587055039
"757",0.299443041477843
"758",0.299114401356073
"759",0.301535960148061
"760",0.301951084512402
"761",0.302400802573771
"762",0.301068945238178
"763",0.302124052997544
"764",0.300428961843152
"765",0.301345694814405
"766",0.301535960148061
"767",0.300982460995607
"768",0.302348912028229
"769",0.302002975057944
"770",0.301795412875774
"771",0.302833223786626
"772",0.301795412875774
"773",0.304511018092504
"774",0.306033140761753
"775",0.30589476597364
"776",0.303888331545992
"777",0.30544504791227
"778",0.303819144151936
"779",0.303940222091535
"780",0.303317535545024
"781",0.304078596879649
"782",0.303144567059882
"783",0.305583422700384
"784",0.305341266821185
"785",0.30502992354793
"786",0.30502992354793
"787",0.304614799183589
"788",0.306690421005293
"789",0.306794202096378
"790",0.305548829003356
"791",0.30696717058152
"792",0.305548829003356
"793",0.305825578579583
"794",0.305375860518214
"795",0.30610232815581
"796",0.305635313245927
"797",0.30696717058152
"798",0.306863389490435
"799",0.305877469125125
"800",0.306794202096378
"801",0.310063306465562
"802",0.308835230221054
"803",0.308402809008199
"804",0.311602725983326
"805",0.308402809008199
"806",0.308454699553741
"807",0.309942228525963
"808",0.31009790016259
"809",0.310115197011105
"810",0.311256789013042
"811",0.310357352890303
"812",0.310807070951673
"813",0.312986473864462
"814",0.311118414224928
"815",0.310876258345729
"816",0.311498944892241
"817",0.312069740893209
"818",0.311671913377383
"819",0.313903206835715
"820",0.313539973016916
"821",0.312917286470405
"822",0.314266440654513
"823",0.313851316290172
"824",0.313574566713945
"825",0.314819939806967
"826",0.313747535199087
"827",0.313903206835715
"828",0.313851316290172
"829",0.314491299685197
"830",0.314992908292109
"831",0.3138859099872
"832",0.315356142110907
"833",0.314422112291141
"834",0.314249143805999
"835",0.317760404054381
"836",0.31627287508216
"837",0.31746635762964
"838",0.316463140415816
"839",0.316393953021759
"840",0.317518248175183
"841",0.319870619573114
"842",0.317033936416785
"843",0.317362576538555
"844",0.316324765627703
"845",0.318383090600893
"846",0.320008994361227
"847",0.320181962846369
"848",0.317881481993981
"849",0.317829591448438
"850",0.319074964541461
"851",0.319074964541461
"852",0.318383090600893
"853",0.320424118725568
"854",0.322222990971045
"855",0.320770055695852
"856",0.320994914726537
"857",0.320441415574082
"858",0.321842460303733
"859",0.322101913031446
"860",0.321600304424534
"861",0.321202476908707
"862",0.322534334244301
"863",0.322430553153216
"864",0.32071816515031
"865",0.323952675822465
"866",0.324540768671948
"867",0.323883488428408
"868",0.323451067215553
"869",0.323675926246238
"870",0.323278098730411
"871",0.323658629397724
"872",0.324402393883834
"873",0.321877054000761
"874",0.324333206489778
"875",0.323952675822465
"876",0.324229425398692
"877",0.32578614176497
"878",0.327152592797592
"879",0.326183969280797
"880",0.328190403708444
"881",0.328103919465873
"882",0.327360154979763
"883",0.327481232919362
"884",0.327550420313419
"885",0.32763690455599
"886",0.329418479952953
"887",0.328536340678728
"888",0.327913654132217
"889",0.330663853045975
"890",0.330387103469748
"891",0.328553637527243
"892",0.330663853045975
"893",0.331597882865742
"894",0.330611962500432
"895",0.332168678866711
"896",0.329608745286609
"897",0.33228975680631
"898",0.332255163109282
"899",0.331130867955858
"900",0.330784930985574
"901",0.332912443352821
"902",0.331078977410316
"903",0.330854118379631
"904",0.333465942505276
"905",0.332428131594424
"906",0.330421697166776
"907",0.33294703704985
"908",0.333742692081503
"909",0.332774068564708
"910",0.332531912685509
"911",0.332445428442938
"912",0.335576158024008
"913",0.332531912685509
"914",0.33381187947556
"915",0.333725395232989
"916",0.333292974020134
"917",0.333189192929048
"918",0.332462725291452
"919",0.3343480817795
"920",0.333102708686477
"921",0.335922094994292
"922",0.336216141419033
"923",0.337651779845712
"924",0.334694018749784
"925",0.335161033659667
"926",0.336095063479434
"927",0.336510187843775
"928",0.336527484692289
"929",0.336371813055661
"930",0.334330784930986
"931",0.335385892690352
"932",0.338170685301138
"933",0.334503753416128
"934",0.337184764935829
"935",0.337755560936797
"936",0.337305842875428
"937",0.337305842875428
"938",0.339070121423877
"939",0.337755560936797
"940",0.337945826270454
"941",0.338205278998167
"942",0.337963123118968
"943",0.34040197875947
"944",0.342148960459404
"945",0.340574947244612
"946",0.338689590756564
"947",0.341336008579237
"948",0.340782509426782
"949",0.339883073304044
"950",0.3401944165773
"951",0.340021448092158
"952",0.341232227488152
"953",0.341180336942609
"954",0.342633272217802
"955",0.342114366762376
"956",0.342339225793061
"957",0.342910021794029
"958",0.343844051613796
"959",0.342806240702944
"960",0.34073061888124
"961",0.342702459611859
"962",0.343377036703913
"963",0.342806240702944
"964",0.342425710035632
"965",0.344224582281108
"966",0.343636489431626
"967",0.343238661915799
"968",0.343255958764313
"969",0.344017020098938
"970",0.345089424706818
"971",0.34332514615837
"972",0.343567302037569
"973",0.346334797799841
"974",0.343238661915799
"975",0.344172691735566
"976",0.345815892344415
"977",0.343965129553395
"978",0.34439755076625
"979",0.345729408101844
"980",0.346680734770125
"981",0.345469955374131
"982",0.346058048223614
"983",0.344968346767219
"984",0.345521845919673
"985",0.344899159373162
"986",0.346231016708756
"987",0.346992078043381
"988",0.347389905559207
"989",0.346525063133497
"990",0.346092641920642
"991",0.348064482651261
"992",0.346801812709724
"993",0.347009374891895
"994",0.348272044833431
"995",0.348081779499775
"996",0.347943404711662
"997",0.347632061438406
"998",0.347632061438406
"999",0.347805029923548
"1000",0.34905040301657
"1001",0.349033106168056
"1002",0.350140104472965
"1003",0.34818556059086
"1004",0.349949839139309
"1005",0.349292558895769
"1006",0.348912028228457
"1007",0.349967135987823
"1008",0.350849275262047
"1009",0.350987650050161
"1010",0.351247102777874
"1011",0.351212509080846
"1012",0.352700038053067
"1013",0.350693603625419
"1014",0.351126024838275
"1015",0.35057252568582
"1016",0.353426505690663
"1017",0.353063271871865
"1018",0.352198429446155
"1019",0.351506555505587
"1020",0.353115162417408
"1021",0.354879440965856
"1022",0.353530286781748
"1023",0.353737848963919
"1024",0.354014598540146
"1025",0.353461099387692
"1026",0.354412426055973
"1027",0.354741066177742
"1028",0.35316705296295
"1029",0.353530286781748
"1030",0.353928114297575
"1031",0.353858926903518
"1032",0.35489673781437
"1033",0.35588265817968
"1034",0.356401563635106
"1035",0.354602691389629
"1036",0.354239457570831
"1037",0.355951845573736
"1038",0.355640502300481
"1039",0.356885875393503
"1040",0.356609125817276
"1041",0.356868578544989
"1042",0.357889092607327
"1043",0.356678313211333
"1044",0.357508561940015
"1045",0.357439374545958
"1046",0.357508561940015
"1047",0.35707614072716
"1048",0.356868578544989
"1049",0.35728370290933
"1050",0.360552807278514
"1051",0.358961497215207
"1052",0.358615560244923
"1053",0.357387484000415
"1054",0.357768014667728
"1055",0.360449026187429
"1056",0.359169059397378
"1057",0.359255543639949
"1058",0.360241464005258
"1059",0.358269623274639
"1060",0.359601480610233
"1061",0.357906389455841
"1062",0.359134465700349
"1063",0.358529076002352
"1064",0.361521430795309
"1065",0.358909606669665
"1066",0.36127927491611
"1067",0.359895527034974
"1068",0.359169059397378
"1069",0.361296571764624
"1070",0.362213304735877
"1071",0.362057633099249
"1072",0.363112740858616
"1073",0.363078147161587
"1074",0.362576538554675
"1075",0.362005742553707
"1076",0.362905178676445
"1077",0.360466323035943
"1078",0.362040336250735
"1079",0.362645725948732
"1080",0.360898744248798
"1081",0.3634586778289
"1082",0.363735427405127
"1083",0.361711696128965
"1084",0.363147334555644
"1085",0.362697616494275
"1086",0.363631646314042
"1087",0.363268412495243
"1088",0.36539592486249
"1089",0.364271629709067
"1090",0.36485972255855
"1091",0.364825128861521
"1092",0.363406787283357
"1093",0.365914830317916
"1094",0.364029473829868
"1095",0.365413221711004
"1096",0.364461895042723
"1097",0.364825128861521
"1098",0.366606704258484
"1099",0.365914830317916
"1100",0.366399142076314
"1101",0.367765593108936
"1102",0.366122392500087
"1103",0.368405576503961
"1104",0.366727782198084
"1105",0.367644515169336
"1106",0.367627218320822
"1107",0.368146123776248
"1108",0.369235825232643
"1109",0.370896322690006
"1110",0.369374200020756
"1111",0.370239042446466
"1112",0.369650949596983
"1113",0.369270418929671
"1114",0.368422873352475
"1115",0.369685543294012
"1116",0.369599059051441
"1117",0.36984121493064
"1118",0.370619573113779
"1119",0.37124225966029
"1120",0.370775244750407
"1121",0.371882243055315
"1122",0.372383851662227
"1123",0.371553602933546
"1124",0.372020617843429
"1125",0.37037741723458
"1126",0.37124225966029
"1127",0.371588196630574
"1128",0.371086588023662
"1129",0.372003320994915
"1130",0.373041131905767
"1131",0.372037914691943
"1132",0.373560037361193
"1133",0.372089805237486
"1134",0.372487632753312
"1135",0.371051994326634
"1136",0.373456256270108
"1137",0.373023835057253
"1138",0.372608710692912
"1139",0.373214100390909
"1140",0.375601065485869
"1141",0.376673470093749
"1142",0.374684332514616
"1143",0.374130833362161
"1144",0.377226969246203
"1145",0.374874597848272
"1146",0.374476770332445
"1147",0.375981596153181
"1148",0.376033486698724
"1149",0.377849655792715
"1150",0.375756737122496
"1151",0.376569689002664
"1152",0.376189158335351
"1153",0.376777251184834
"1154",0.375964299304667
"1155",0.376829141730377
"1156",0.377071297609576
"1157",0.377002110215519
"1158",0.378506936036254
"1159",0.376621579548206
"1160",0.377175078700661
"1161",0.379371778461964
"1162",0.379216106825336
"1163",0.380340401978759
"1164",0.380340401978759
"1165",0.379129622582765
"1166",0.37848963918774
"1167",0.380997682222299
"1168",0.380184730342132
"1169",0.379769605977791
"1170",0.37956204379562
"1171",0.381309025495555
"1172",0.378800982460996
"1173",0.381136057010413
"1174",0.38042688622133
"1175",0.379735012280762
"1176",0.381758743556924
"1177",0.382243055315322
"1178",0.383903552772685
"1179",0.38248521119452
"1180",0.384630020410281
"1181",0.38174144670841
"1182",0.382865741861833
"1183",0.384768395198395
"1184",0.383384647317259
"1185",0.381637665617325
"1186",0.382658179679662
"1187",0.384474348773653
"1188",0.383609506347943
"1189",0.382364133254921
"1190",0.383678693742
"1191",0.383505725256858
"1192",0.385391081744906
"1193",0.383730584287543
"1194",0.385148925865707
"1195",0.385148925865707
"1196",0.384024630712284
"1197",0.384508942470682
"1198",0.382000899436123
"1199",0.385114332168679
"1200",0.386463486352787
"1201",0.385581347078562
"1202",0.386446189504272
"1203",0.384560833016225
"1204",0.38573701871519
"1205",0.386947798111184
"1206",0.387985609022036
"1207",0.387276438232954
"1208",0.388712076659633
"1209",0.388746670356661
"1210",0.387207250838897
"1211",0.38845262393192
"1212",0.386826720171585
"1213",0.38833154599232
"1214",0.389058013629917
"1215",0.388850451447746
"1216",0.390268793025911
"1217",0.389265575812087
"1218",0.389507731691286
"1219",0.387518594112153
"1220",0.389957449752655
"1221",0.392794132908984
"1222",0.38845262393192
"1223",0.391548759815962
"1224",0.391617947210018
"1225",0.390753104784308
"1226",0.391479572421905
"1227",0.391462275573391
"1228",0.389023419932888
"1229",0.391168229148649
"1230",0.389680700176428
"1231",0.392136852665444
"1232",0.390632026844709
"1233",0.391635244058533
"1234",0.391669837755561
"1235",0.391566056664476
"1236",0.391877399937731
"1237",0.39038987096551
"1238",0.393901131213893
"1239",0.392396305393157
"1240",0.394004912304978
"1241",0.394229771335663
"1242",0.393918428062407
"1243",0.393451413152524
"1244",0.392292524302072
"1245",0.396184315217767
"1246",0.392846023454527
"1247",0.396495658491023
"1248",0.394195177638634
"1249",0.394437333517833
"1250",0.394281661881205
"1251",0.395976753035597
"1252",0.396322690005881
"1253",0.39417788079012
"1254",0.393070882485211
"1255",0.395734597156398
"1256",0.395838378247483
"1257",0.394541114608918
"1258",0.39590756564154
"1259",0.398104265402844
"1260",0.397031860794963
"1261",0.396876189158335
"1262",0.398848029888954
"1263",0.397723734735531
"1264",0.397775625281074
"1265",0.399228560556267
"1266",0.399176670010724
"1267",0.397948593766216
"1268",0.400508527346318
"1269",0.399332341647352
"1270",0.400906354862144
"1271",0.398138859099872
"1272",0.398969107828554
"1273",0.401580931954198
"1274",0.398035078008787
"1275",0.398450202373128
"1276",0.398778842494897
"1277",0.399920434496835
"1278",0.401944165772996
"1279",0.401131213892829
"1280",0.402341993288823
"1281",0.400491230497803
"1282",0.400491230497803
"1283",0.400473933649289
"1284",0.400664198982945
"1285",0.403379804199675
"1286",0.399263154253295
"1287",0.399989621890892
"1288",0.401459854014599
"1289",0.402307399591794
"1290",0.403293319957104
"1291",0.401736603590826
"1292",0.402203618500709
"1293",0.403414397896703
"1294",0.40241118068288
"1295",0.402220915349223
"1296",0.403656553775902
"1297",0.404244646625385
"1298",0.403639256927388
"1299",0.404313834019442
"1300",0.403258726260075
"1301",0.403535475836303
"1302",0.404383021413498
"1303",0.404417615110527
"1304",0.403864115958072
"1305",0.40521327014218
"1306",0.404106271837271
"1307",0.404625177292697
"1308",0.403846819109558
"1309",0.404850036323382
"1310",0.408015359601481
"1311",0.404521396201612
"1312",0.405922440931262
"1313",0.405939737779777
"1314",0.407046736084685
"1315",0.405144082748123
"1316",0.405697581900578
"1317",0.406769986508458
"1318",0.406545127477774
"1319",0.406233784204518
"1320",0.409675857058844
"1321",0.407167814024285
"1322",0.40661431487183
"1323",0.409848825543986
"1324",0.406026222022348
"1325",0.40727159511537
"1326",0.408568858753935
"1327",0.410021794029128
"1328",0.408811014633134
"1329",0.408897498875705
"1330",0.40760023523714
"1331",0.408101843844052
"1332",0.410471512090497
"1333",0.409364513785588
"1334",0.410298543605355
"1335",0.409364513785588
"1336",0.409278029543017
"1337",0.409278029543017
"1338",0.41138824506175
"1339",0.411440135607292
"1340",0.411959041062718
"1341",0.41159580724392
"1342",0.412927664579514
"1343",0.411353651364721
"1344",0.410679074272668
"1345",0.413481163731968
"1346",0.413169820458712
"1347",0.413533054277511
"1348",0.411526619849863
"1349",0.412979555125056
"1350",0.414622755733905
"1351",0.412650915003286
"1352",0.413308195246826
"1353",0.415245442280417
"1354",0.413308195246826
"1355",0.41398277233888
"1356",0.414709239976476
"1357",0.414674646279448
"1358",0.415245442280417
"1359",0.416283253191269
"1360",0.415072473795275
"1361",0.416179472100183
"1362",0.415729754038814
"1363",0.414709239976476
"1364",0.41711350191995
"1365",0.416421627979382
"1366",0.416023800463556
"1367",0.418030234891203
"1368",0.416681080707095
"1369",0.416283253191269
"1370",0.416681080707095
"1371",0.41723457985955
"1372",0.416283253191269
"1373",0.416594596464524
"1374",0.418808593074342
"1375",0.418289687618916
"1376",0.418393468710001
"1377",0.419223717438683
"1378",0.420538277925762
"1379",0.417667001072405
"1380",0.41777078216349
"1381",0.417995641194174
"1382",0.418064828588231
"1383",0.419863700833708
"1384",0.418756702528799
"1385",0.421126370775245
"1386",0.417736188466461
"1387",0.420849621199018
"1388",0.420659355865361
"1389",0.419413982772339
"1390",0.418479952952572
"1391",0.419241014287197
"1392",0.420140450409935
"1393",0.419621544954509
"1394",0.418739405680285
"1395",0.420175044106964
"1396",0.420590168471305
"1397",0.420002075621822
"1398",0.422579306050438
"1399",0.423132805202892
"1400",0.422562009201923
"1401",0.420469090531705
"1402",0.423080914657349
"1403",0.422838758778151
"1404",0.42361711696129
"1405",0.423253883142492
"1406",0.422804165081122
"1407",0.424101428719687
"1408",0.423357664233577
"1409",0.421472307745529
"1410",0.425173833327568
"1411",0.424222506659287
"1412",0.424326287750372
"1413",0.423980350780088
"1414",0.425294911267167
"1415",0.425070052236483
"1416",0.425710035631508
"1417",0.424239803507801
"1418",0.423547929567233
"1419",0.426315425329505
"1420",0.4272840488463
"1421",0.427335939391843
"1422",0.42814889127201
"1423",0.4274051267859
"1424",0.429359670668004
"1425",0.426782440239388
"1426",0.427474314179956
"1427",0.429186702182862
"1428",0.429792091880859
"1429",0.429359670668004
"1430",0.429082921091777
"1431",0.429082921091777
"1432",0.428909952606635
"1433",0.430016950911544
"1434",0.431123949216453
"1435",0.430155325699658
"1436",0.431296917701595
"1437",0.430553153215484
"1438",0.430345591033314
"1439",0.429325076970976
"1440",0.432092572733248
"1441",0.432369322309475
"1442",0.431158542913481
"1443",0.430138028851143
"1444",0.431781229459992
"1445",0.434064413463867
"1446",0.434514131525236
"1447",0.435621129830145
"1448",0.433182274189643
"1449",0.433182274189643
"1450",0.434185491403466
"1451",0.434600615767807
"1452",0.434496834676722
"1453",0.435292489708375
"1454",0.433631992251012
"1455",0.436520565952883
"1456",0.438354031895389
"1457",0.437281627287508
"1458",0.436295706922199
"1459",0.437662157954821
"1460",0.43790431383402
"1461",0.437887016985505
"1462",0.437437298924136
"1463",0.438008094925105
"1464",0.437489189469679
"1465",0.436831909226139
"1466",0.440187497837894
"1467",0.437160549347909
"1468",0.439288061715156
"1469",0.43844051613796
"1470",0.436849206074653
"1471",0.438405922440931
"1472",0.437489189469679
"1473",0.439737779776525
"1474",0.440343169474522
"1475",0.439409139654755
"1476",0.441121527657661
"1477",0.44222852596257
"1478",0.442574462932854
"1479",0.440256685231951
"1480",0.442263119659598
"1481",0.442954993600166
"1482",0.441502058324973
"1483",0.441536652022002
"1484",0.441311792991317
"1485",0.441969073234857
"1486",0.442142041719999
"1487",0.443854429722905
"1488",0.443889023419933
"1489",0.442920399903138
"1490",0.443612273843706
"1491",0.444632787906044
"1492",0.444061991905075
"1493",0.444234960390217
"1494",0.442782025115024
"1495",0.444632787906044
"1496",0.443664164389248
"1497",0.444996021724842
"1498",0.446414363303006
"1499",0.446414363303006
"1500",0.446500847545577
"1501",0.448455391427682
"1502",0.446777597121804
"1503",0.448213235548483
"1504",0.445843567302038
"1505",0.448870515792023
"1506",0.447123534092088
"1507",0.447780814335628
"1508",0.447988376517798
"1509",0.447331096274259
"1510",0.450531013249386
"1511",0.447573252153458
"1512",0.446275988514893
"1513",0.448835922094994
"1514",0.448472688276196
"1515",0.448645656761338
"1516",0.44914726536825
"1517",0.449545092884077
"1518",0.447971079669284
"1519",0.448299719791054
"1520",0.451447746220639
"1521",0.448905109489051
"1522",0.450773169128585
"1523",0.449337530701906
"1524",0.450634794340471
"1525",0.448905109489051
"1526",0.45174179264538
"1527",0.450236966824645
"1528",0.450842356522642
"1529",0.452641228768119
"1530",0.450288857370187
"1531",0.452381776040405
"1532",0.451170996644411
"1533",0.451153699795897
"1534",0.452105026464178
"1535",0.451240184038468
"1536",0.453298509011658
"1537",0.449873733005846
"1538",0.450946137613727
"1539",0.453056353132459
"1540",0.452001245373093
"1541",0.449908326702875
"1542",0.452329885494863
"1543",0.45380011761857
"1544",0.456100598470959
"1545",0.453903898709655
"1546",0.454786037983879
"1547",0.45293527519286
"1548",0.455339537136334
"1549",0.454786037983879
"1550",0.455633583561075
"1551",0.45400767980074
"1552",0.455253052893763
"1553",0.455668177258104
"1554",0.456584910229356
"1555",0.454543882104681
"1556",0.455685474106618
"1557",0.454076867194797
"1558",0.457207596775868
"1559",0.458868094233231
"1560",0.456636800774899
"1561",0.457276784169924
"1562",0.456533019683814
"1563",0.458556750959975
"1564",0.458833500536202
"1565",0.45779568962535
"1566",0.45725948732141
"1567",0.457864877019407
"1568",0.458816203687688
"1569",0.459214031203515
"1570",0.457726502231294
"1571",0.459888608295569
"1572",0.459421593385685
"1573",0.458504860414433
"1574",0.459438890234199
"1575",0.460545888539108
"1576",0.461116684540077
"1577",0.461341543570761
"1578",0.460926419206421
"1579",0.462431245027156
"1580",0.462707994603383
"1581",0.463278790604352
"1582",0.464385788909261
"1583",0.461722074238074
"1584",0.462137198602415
"1585",0.463278790604352
"1586",0.465250631334971
"1587",0.464351195212232
"1588",0.464212820424119
"1589",0.464697132182516
"1590",0.466409520185422
"1591",0.465665755699312
"1592",0.466790050852735
"1593",0.468761891583354
"1594",0.464731725879545
"1595",0.466841941398277
"1596",0.467516518490331
"1597",0.467551112187359
"1598",0.467585705884388
"1599",0.467066800428962
"1600",0.469453765523922
"1601",0.468156501885357
"1602",0.466409520185422
"1603",0.467378143702217
"1604",0.468779188431868
"1605",0.469125125402152
"1606",0.467810564915073
"1607",0.469177015947694
"1608",0.469903483585291
"1609",0.469868889888262
"1610",0.469453765523922
"1611",0.468398657764555
"1612",0.469868889888262
"1613",0.469609437160549
"1614",0.470422389040717
"1615",0.468848375825925
"1616",0.469834296191234
"1617",0.471633168436711
"1618",0.471045075587228
"1619",0.469194312796209
"1620",0.470335904798146
"1621",0.471166153526827
"1622",0.472878541529733
"1623",0.472792057287162
"1624",0.470578060677345
"1625",0.473051510014875
"1626",0.472238558134708
"1627",0.47446985159304
"1628",0.470906700799114
"1629",0.473362853288131
"1630",0.473570415470301
"1631",0.473847165046529
"1632",0.473881758743557
"1633",0.473310962742588
"1634",0.475680630989034
"1635",0.475421178261321
"1636",0.476130349050403
"1637",0.475853599474176
"1638",0.475594146746463
"1639",0.474573632684125
"1640",0.475179022382122
"1641",0.476839519839485
"1642",0.475524959352406
"1643",0.475524959352406
"1644",0.475732521534576
"1645",0.478102189781022
"1646",0.476182239595946
"1647",0.478828657418618
"1648",0.476147645898917
"1649",0.475836302625662
"1650",0.479105406994846
"1651",0.47739301899194
"1652",0.477738955962224
"1653",0.479070813297817
"1654",0.47739301899194
"1655",0.480108624208669
"1656",0.48052374857301
"1657",0.478967032206732
"1658",0.480627529664095
"1659",0.481163731968035
"1660",0.479883765177985
"1661",0.481250216210606
"1662",0.47933026602553
"1663",0.481232919362092
"1664",0.481734527969004
"1665",0.482115058636316
"1666",0.481163731968035
"1667",0.481907496454146
"1668",0.479918358875013
"1669",0.482564776697686
"1670",0.481492372089805
"1671",0.48291071366797
"1672",0.483222056941225
"1673",0.481250216210606
"1674",0.484052305669907
"1675",0.482391808212544
"1676",0.481544262635348
"1677",0.48291071366797
"1678",0.482893416819456
"1679",0.483585290760024
"1680",0.48431175839762
"1681",0.48344691597191
"1682",0.483792852942194
"1683",0.48398311827585
"1684",0.486024146400526
"1685",0.483810149790708
"1686",0.484951741792645
"1687",0.484277164700592
"1688",0.48464039851939
"1689",0.485885771612412
"1690",0.487096551008406
"1691",0.485695506278756
"1692",0.486854395129208
"1693",0.487580862766804
"1694",0.487615456463832
"1695",0.48702736361435
"1696",0.486110630643097
"1697",0.488272736707372
"1698",0.487252222645034
"1699",0.486767910886636
"1700",0.487580862766804
"1701",0.48669872349258
"1702",0.486837098280693
"1703",0.489310547618224
"1704",0.488480298889542
"1705",0.488013283979659
"1706",0.489915937316221
"1707",0.48863597052617
"1708",0.488168955616287
"1709",0.489310547618224
"1710",0.488013283979659
"1711",0.488463002041028
"1712",0.490382952226104
"1713",0.490175390043934
"1714",0.490071608952849
"1715",0.491455356833985
"1716",0.4912304978033
"1717",0.491593731622098
"1718",0.489673781437022
"1719",0.49308126059432
"1720",0.490434842771647
"1721",0.491749403258726
"1722",0.491645622167641
"1723",0.49176670010724
"1724",0.491922371743868
"1725",0.493340713322033
"1726",0.493340713322033
"1727",0.49340990071609
"1728",0.491991559137925
"1729",0.492579651987408
"1730",0.493427197564604
"1731",0.495606600477393
"1732",0.493479088110146
"1733",0.494966617082368
"1734",0.495641194174421
"1735",0.49501850762791
"1736",0.493997993565572
"1737",0.494257446293285
"1738",0.493479088110146
"1739",0.495866053205106
"1740",0.495502819386308
"1741",0.494551492718027
"1742",0.49600442799322
"1743",0.495623897325907
"1744",0.495589303628879
"1745",0.495848756356592
"1746",0.495035804476424
"1747",0.496921160964472
"1748",0.497267097934756
"1749",0.497388175874356
"1750",0.497820597087211
"1751",0.497457363268413
"1752",0.498304908845608
"1753",0.498304908845608
"1754",0.499723250423773
"1755",0.500294046424741
"1756",0.500934029819767
"1757",0.498633548967378
"1758",0.498512471027779
"1759",0.498547064724807
"1760",0.500934029819767
"1761",0.500691873940568
"1762",0.498754626906978
"1763",0.500432421212855
"1764",0.500259452727713
"1765",0.499411907150517
"1766",0.498823814301034
"1767",0.501314560487079
"1768",0.500899436122739
"1769",0.500795655031653
"1770",0.499152454422804
"1771",0.499515688241602
"1772",0.500951326668281
"1773",0.502283184003875
"1774",0.502092918670218
"1775",0.501210779395994
"1776",0.500501608606912
"1777",0.502992354792957
"1778",0.500691873940568
"1779",0.502732902065244
"1780",0.503286401217698
"1781",0.503424776005812
"1782",0.503026948489985
"1783",0.504306915280036
"1784",0.503355588611755
"1785",0.505223648251289
"1786",0.504012868855295
"1787",0.502698308368215
"1788",0.503666931885011
"1789",0.504030165703809
"1790",0.5058463347978
"1791",0.506226865465112
"1792",0.507333863770021
"1793",0.506226865465112
"1794",0.50650361504134
"1795",0.505880928494828
"1796",0.506763067769052
"1797",0.507143598436365
"1798",0.507281973224479
"1799",0.505413913584945
"1800",0.506296052859169
"1801",0.506901442557166
"1802",0.507852769225447
"1803",0.506624692980939
"1804",0.508198706195731
"1805",0.506278756010655
"1806",0.508164112498703
"1807",0.507835472376933
"1808",0.507731691285848
"1809",0.507766284982876
"1810",0.507835472376933
"1811",0.509028954924413
"1812",0.510014875289722
"1813",0.509461376137268
"1814",0.509288407652126
"1815",0.510187843774864
"1816",0.509392188743211
"1817",0.509945687895665
"1818",0.511502404261944
"1819",0.509599750925381
"1820",0.511225654685716
"1821",0.511675372747086
"1822",0.509945687895665
"1823",0.510118656380807
"1824",0.509582454076867
"1825",0.510326218562978
"1826",0.513456948144048
"1827",0.510585671290691
"1828",0.512298059293597
"1829",0.513145604870793
"1830",0.511640779050057
"1831",0.513975853599474
"1832",0.511571591656
"1833",0.513249385961878
"1834",0.511398623170858
"1835",0.514736914934099
"1836",0.512989933234165
"1837",0.514045040993531
"1838",0.514442868509358
"1839",0.514045040993531
"1840",0.515428788874667
"1841",0.515826616390494
"1842",0.515446085723181
"1843",0.515982288027121
"1844",0.517400629605286
"1845",0.51926868924482
"1846",0.517642785484485
"1847",0.517590894938942
"1848",0.519061127062649
"1849",0.518957345971564
"1850",0.519597329366589
"1851",0.520963780399211
"1852",0.519960563185388
"1853",0.519735704154703
"1854",0.517469816999343
"1855",0.519995156882416
"1856",0.51914761130522
"1857",0.518957345971564
"1858",0.520306500155672
"1859",0.520444874943785
"1860",0.51774656657557
"1861",0.519528141972533
"1862",0.52099837409624
"1863",0.520047047427959
"1864",0.520150828519044
"1865",0.520185422216072
"1866",0.520358390701214
"1867",0.521482685854637
"1868",0.521050264641782
"1869",0.520375687549729
"1870",0.521482685854637
"1871",0.521707544885322
"1872",0.523316151797143
"1873",0.523523713979313
"1874",0.520635140277442
"1875",0.52272805894766
"1876",0.521361607915038
"1877",0.5232642612516
"1878",0.521015670944754
"1879",0.523073995917944
"1880",0.52260698100806
"1881",0.524111806828796
"1882",0.523765869858512
"1883",0.524578821738679
"1884",0.524838274466392
"1885",0.525253398830733
"1886",0.526498771923755
"1887",0.52478638392085
"1888",0.526913896288096
"1889",0.528366831563289
"1890",0.52684470889404
"1891",0.528090081987062
"1892",0.52738091119798
"1893",0.526031757013872
"1894",0.526031757013872
"1895",0.526325803438614
"1896",0.526585256166326
"1897",0.525184211436676
"1898",0.526689037257412
"1899",0.528920330715744
"1900",0.528228456775176
"1901",0.529162486594942
"1902",0.527744145016778
"1903",0.528107378835576
"1904",0.528107378835576
"1905",0.529612204656312
"1906",0.528885737018715
"1907",0.529145189746428
"1908",0.529145189746428
"1909",0.528159269381119
"1910",0.531826201266129
"1911",0.529629501504826
"1912",0.530113813263223
"1913",0.532345106721555
"1914",0.533019683813609
"1915",0.532154841387899
"1916",0.532950496419552
"1917",0.533936416784862
"1918",0.532812121631439
"1919",0.533071574359152
"1920",0.534386134846231
"1921",0.533573182966064
"1922",0.533313730238351
"1923",0.534766665513544
"1924",0.532604559449268
"1925",0.532293216176013
"1926",0.53277752793441
"1927",0.53277752793441
"1928",0.535337461514512
"1929",0.534489915937316
"1930",0.535147196180856
"1931",0.535423945757083
"1932",0.535856366969938
"1933",0.537464973881759
"1934",0.536236897637251
"1935",0.537119036911475
"1936",0.537326599093645
"1937",0.538070363579756
"1938",0.535994741758052
"1939",0.535717992181824
"1940",0.538675753277753
"1941",0.536634725153077
"1942",0.536271491334279
"1943",0.537274708548103
"1944",0.538693050126267
"1945",0.538917909156952
"1946",0.537170927457017
"1947",0.538260628913412
"1948",0.539333033521292
"1949",0.539333033521292
"1950",0.536807693638219
"1951",0.537845504549071
"1952",0.539350330369807
"1953",0.539644376794548
"1954",0.54047462552323
"1955",0.538364410004497
"1956",0.538831424914381
"1957",0.539765454734147
"1958",0.539384924066835
"1959",0.53948870515792
"1960",0.537845504549071
"1961",0.540007610613346
"1962",0.541892967101394
"1963",0.540111391704431
"1964",0.53948870515792
"1965",0.542999965406303
"1966",0.54133946794894
"1967",0.541045421524198
"1968",0.543691839346871
"1969",0.541944857646937
"1970",0.543899401529041
"1971",0.543657245649843
"1972",0.542619434738991
"1973",0.54459127546961
"1974",0.543034559103331
"1975",0.543812917286471
"1976",0.542065935586536
"1977",0.544176151105269
"1978",0.544349119590411
"1979",0.545248555713149
"1980",0.542429169405334
"1981",0.546182585532916
"1982",0.546217179229944
"1983",0.544020479468641
"1984",0.545369633652749
"1985",0.545594492683433
"1986",0.546147991835888
"1987",0.546943646867541
"1988",0.545767461168575
"1989",0.545680976926004
"1990",0.546926350019027
"1991",0.547082021655654
"1992",0.546147991835888
"1993",0.547324177534853
"1994",0.547981457778393
"1995",0.547652817656623
"1996",0.548569550627876
"1997",0.548950081295188
"1998",0.547860379838793
"1999",0.549503580447642
"2000",0.548483066385305
"2001",0.550022485903068
"2002",0.549745736326841
"2003",0.54879440965856
"2004",0.5494516899021
"2005",0.553308887120767
"2006",0.552305669906943
"2007",0.552755387968312
"2008",0.552184591967344
"2009",0.550368422873353
"2010",0.554571557062303
"2011",0.550506797661466
"2012",0.552530528937628
"2013",0.554018057909849
"2014",0.555107759366243
"2015",0.553084028090082
"2016",0.553326183969281
"2017",0.554346698031619
"2018",0.555557477427613
"2019",0.553948870515792
"2020",0.55377590203065
"2021",0.554709931850417
"2022",0.554865603487045
"2023",0.555470993185042
"2024",0.556335835610752
"2025",0.558913066039368
"2026",0.55616286712561
"2027",0.555816930155326
"2028",0.557927145674058
"2029",0.557131490642405
"2030",0.5552980246999
"2031",0.55583422700384
"2032",0.557979036219601
"2033",0.557944442522572
"2034",0.557546615006746
"2035",0.558238488947314
"2036",0.558653613311655
"2037",0.559916283253191
"2038",0.55896495658491
"2039",0.558567129069084
"2040",0.559518455737365
"2041",0.559812502162106
"2042",0.558342270038399
"2043",0.558809284948283
"2044",0.561127062649185
"2045",0.55995087695022
"2046",0.56069464143633
"2047",0.560850313072958
"2048",0.559068737675996
"2049",0.560141142283876
"2050",0.564309682775798
"2051",0.560833016224444
"2052",0.561178953194728
"2053",0.562908638046148
"2054",0.561991905074895
"2055",0.561334624831356
"2056",0.56427508907877
"2057",0.563168090773861
"2058",0.564569135503511
"2059",0.563583215138202
"2060",0.562528107378836
"2061",0.561317327982842
"2062",0.561542187013526
"2063",0.562355138893694
"2064",0.564517244957969
"2065",0.563427543501574
"2066",0.564517244957969
"2067",0.562493513681807
"2068",0.563496730895631
"2069",0.563427543501574
"2070",0.56373888677483
"2071",0.564897775625281
"2072",0.56448265126094
"2073",0.564188604836199
"2074",0.562251357802608
"2075",0.562908638046148
"2076",0.563323762410489
"2077",0.563981042654028
"2078",0.562268654651123
"2079",0.564707510291625
"2080",0.564984259867852
"2081",0.567094475386585
"2082",0.569498737330059
"2083",0.570156017573598
"2084",0.569844674300342
"2085",0.568530113813263
"2086",0.56946414363303
"2087",0.568028505206351
"2088",0.568011208357837
"2089",0.57032898605874
"2090",0.570363579755769
"2091",0.569758190057772
"2092",0.571781921333933
"2093",0.570398173452797
"2094",0.570553845089425
"2095",0.571280312727021
"2096",0.569810080603314
"2097",0.572283529940845
"2098",0.57358079357941
"2099",0.572767841699242
"2100",0.57378835576158
"2101",0.573840246307123
"2102",0.57498183830906
"2103",0.574186183277407
"2104",0.576676929463452
"2105",0.574791572975404
"2106",0.573857543155637
"2107",0.575431556370429
"2108",0.576002352371398
"2109",0.573494309336839
"2110",0.574289964368492
"2111",0.57498183830906
"2112",0.575414259521915
"2113",0.574532120247691
"2114",0.57465319818729
"2115",0.576192617705054
"2116",0.576434773584253
"2117",0.577783927768361
"2118",0.577680146677276
"2119",0.57736880340402
"2120",0.578060677344588
"2121",0.580672501470232
"2122",0.579479018922752
"2123",0.578475801708929
"2124",0.580776282561317
"2125",0.579755768498979
"2126",0.579133081952468
"2127",0.579409831528696
"2128",0.580084408620749
"2129",0.579012004012869
"2130",0.578614176497042
"2131",0.579063894558411
"2132",0.580586017227661
"2133",0.582332998927595
"2134",0.581744906078113
"2135",0.57897741031584
"2136",0.582644342200851
"2137",0.581174110077144
"2138",0.581641124987027
"2139",0.582315702079081
"2140",0.581796796623655
"2141",0.582454076867195
"2142",0.582211920987996
"2143",0.583768637354274
"2144",0.583561075172104
"2145",0.583042169716678
"2146",0.585584806448265
"2147",0.584010793233473
"2148",0.584754557719584
"2149",0.583664856263189
"2150",0.586069118206663
"2151",0.585653993842322
"2152",0.584183761718615
"2153",0.586069118206663
"2154",0.583612965717646
"2155",0.585602103296779
"2156",0.587193413360086
"2157",0.58601722766112
"2158",0.58634586778289
"2159",0.586951257480887
"2160",0.588058255785796
"2161",0.587470162936313
"2162",0.588559864392708
"2163",0.589995502819386
"2164",0.588127443179853
"2165",0.588369599059052
"2166",0.589701456394645
"2167",0.589684159546131
"2168",0.59046251772927
"2169",0.589960909122358
"2170",0.591050610578753
"2171",0.58992631542533
"2172",0.591898156155948
"2173",0.590583595668869
"2174",0.591500328640122
"2175",0.589857128031273
"2176",0.592953263915315
"2177",0.59132736015498
"2178",0.592434358459889
"2179",0.592088421489605
"2180",0.593956481129138
"2181",0.591033313730238
"2182",0.592157608883662
"2183",0.590843048396582
"2184",0.592157608883662
"2185",0.592987857612343
"2186",0.591621406579721
"2187",0.593541356764797
"2188",0.592814889127201
"2189",0.592884076521258
"2190",0.595167260525132
"2191",0.594354308644965
"2192",0.594060262220224
"2193",0.592693811187602
"2194",0.595253744767703
"2195",0.594544573978621
"2196",0.594215933856851
"2197",0.595098073131076
"2198",0.59478672985782
"2199",0.59478672985782
"2200",0.595789947071644
"2201",0.594215933856851
"2202",0.594976995191476
"2203",0.595997509253814
"2204",0.595392119555817
"2205",0.597830975196319
"2206",0.597433147680493
"2207",0.597761787802262
"2208",0.595807243920158
"2209",0.596533711557754
"2210",0.599007160895285
"2211",0.598211505863632
"2212",0.597882865741862
"2213",0.597779084650777
"2214",0.597761787802262
"2215",0.59684505483101
"2216",0.59684505483101
"2217",0.600148752897222
"2218",0.598972567198257
"2219",0.597536928771578
"2220",0.598090427924032
"2221",0.598470958591345
"2222",0.600114159200194
"2223",0.600287127685336
"2224",0.599335801017055
"2225",0.599577956896253
"2226",0.59857473968243
"2227",0.598989864046771
"2228",0.599820112775452
"2229",0.600252533988307
"2230",0.600269830836822
"2231",0.600615767807106
"2232",0.601446016535787
"2233",0.602535717992182
"2234",0.601203860656588
"2235",0.603954059570346
"2236",0.601688172414986
"2237",0.603365966720864
"2238",0.603262185629778
"2239",0.604040543812917
"2240",0.60269138962881
"2241",0.602172484173384
"2242",0.604663230359429
"2243",0.60528591690594
"2244",0.6046286366624
"2245",0.605752931815823
"2246",0.605355104299997
"2247",0.607205867091016
"2248",0.607102085999931
"2249",0.607690178849414
"2250",0.606462102604905
"2251",0.605147542117826
"2252",0.605251323208911
"2253",0.606081571937593
"2254",0.607153976545473
"2255",0.608451240184039
"2256",0.608814474002837
"2257",0.606738852181133
"2258",0.608641505517695
"2259",0.608520427578095
"2260",0.609419863700834
"2261",0.609990659701802
"2262",0.608762583457294
"2263",0.608330162244439
"2264",0.607119382848445
"2265",0.609264192064206
"2266",0.609575535337462
"2267",0.61014633133843
"2268",0.60948905109489
"2269",0.608485833881067
"2270",0.610630643096828
"2271",0.610630643096828
"2272",0.608987442487979
"2273",0.611460891825509
"2274",0.609177707821635
"2275",0.613501919950185
"2276",0.613225170373958
"2277",0.609921472307746
"2278",0.613121389282873
"2279",0.612048984674992
"2280",0.611737641401737
"2281",0.613432732556128
"2282",0.614781886740236
"2283",0.614626215103608
"2284",0.614747293043208
"2285",0.613813263223441
"2286",0.615058636316463
"2287",0.613692185283841
"2288",0.614643511952122
"2289",0.613519216798699
"2290",0.614280278133324
"2291",0.615715916560003
"2292",0.613830560071955
"2293",0.615871588196631
"2294",0.61545646383229
"2295",0.617583976199537
"2296",0.61751478880548
"2297",0.618863942989587
"2298",0.61825855329159
"2299",0.617324523471824
"2300",0.618293146988619
"2301",0.617774241533193
"2302",0.620161206628152
"2303",0.620040128688553
"2304",0.619036911474729
"2305",0.619417442142042
"2306",0.619348254747985
"2307",0.61998823814301
"2308",0.620057425537067
"2309",0.620887674265749
"2310",0.621320095478604
"2311",0.621250908084547
"2312",0.620472549901408
"2313",0.620783893174664
"2314",0.622963296087453
"2315",0.623136264572595
"2316",0.622824921299339
"2317",0.623949216452762
"2318",0.62443352821116
"2319",0.62595565088041
"2320",0.624243262877504
"2321",0.625748088698239
"2322",0.625799979243782
"2323",0.626266994153665
"2324",0.625454042273498
"2325",0.625765385546753
"2326",0.626924274397205
"2327",0.628117756944685
"2328",0.625972947728924
"2329",0.627252914518975
"2330",0.627322101913032
"2331",0.629345833189193
"2332",0.629882035493133
"2333",0.62929394264365
"2334",0.62756425779223
"2335",0.630297159857474
"2336",0.62974366070502
"2337",0.631801985678209
"2338",0.631075518040613
"2339",0.631819282526724
"2340",0.633012765074203
"2341",0.632026844708894
"2342",0.632649531255405
"2343",0.631006330646556
"2344",0.630106894523818
"2345",0.632753312346491
"2346",0.633393295741516
"2347",0.632684124952434
"2348",0.633600857923686
"2349",0.634102466530598
"2350",0.635053793198879
"2351",0.633652748469229
"2352",0.635451620714706
"2353",0.634759746774138
"2354",0.635624589199848
"2355",0.635762963987961
"2356",0.635417027017677
"2357",0.633652748469229
"2358",0.636783478050299
"2359",0.634482997197911
"2360",0.636852665444356
"2361",0.636022416715674
"2362",0.636610509565157
"2363",0.638219116476978
"2364",0.6395855675096
"2365",0.637181305566126
"2366",0.639101255751202
"2367",0.640225550904625
"2368",0.637561836233438
"2369",0.640606081571938
"2370",0.63991420763137
"2371",0.640139066662054
"2372",0.641367142906562
"2373",0.640640675268966
"2374",0.64325249939461
"2375",0.641782267270903
"2376",0.643840592244093
"2377",0.641367142906562
"2378",0.642906562424326
"2379",0.642906562424326
"2380",0.643096827757982
"2381",0.643442764728267
"2382",0.643996263880721
"2383",0.644826512609403
"2384",0.644826512609403
"2385",0.64650430691528
"2386",0.646106479399454
"2387",0.646487010066766
"2388",0.647282665098419
"2389",0.647144290310305
"2390",0.64704050921922
"2391",0.64790535164493
"2392",0.649496661708237
"2393",0.64975611443595
"2394",0.651537689832912
"2395",0.652316048016051
"2396",0.651883626803197
"2397",0.652783062925935
"2398",0.650915003286401
"2399",0.651105268620057
"2400",0.652454422804165
"2401",0.652454422804165
"2402",0.653146296744733
"2403",0.654339779292213
"2404",0.653059812502162
"2405",0.654530044625869
"2406",0.653128999896219
"2407",0.656104057840662
"2408",0.654581935171412
"2409",0.655688933476321
"2410",0.655394887051579
"2411",0.652800359774449
"2412",0.655031653232781
"2413",0.656225135780261
"2414",0.655706230324835
"2415",0.656415401113917
"2416",0.656069464143633
"2417",0.657954820631681
"2418",0.6568824160238
"2419",0.656968900266372
"2420",0.658854256754419
"2421",0.657141868751514
"2422",0.657556993115854
"2423",0.659252084270246
"2424",0.658456429238593
"2425",0.658041304874252
"2426",0.660929878576124
"2427",0.658214273359394
"2428",0.658214273359394
"2429",0.658283460753451
"2430",0.66058394160584
"2431",0.660653128999896
"2432",0.658300757601965
"2433",0.659459646452417
"2434",0.66058394160584
"2435",0.659182896876189
"2436",0.660428269969212
"2437",0.660774206939496
"2438",0.661673643062234
"2439",0.66198498633549
"2440",0.660739613242467
"2441",0.662503891790916
"2442",0.661915798941433
"2443",0.663161172034455
"2444",0.663161172034455
"2445",0.664354654581935
"2446",0.663213062579998
"2447",0.663818452277995
"2448",0.664665997855191
"2449",0.664216279793822
"2450",0.663576296398796
"2451",0.665669215069014
"2452",0.66618812052444
"2453",0.666707025979867
"2454",0.667001072404608
"2455",0.664233576642336
"2456",0.665911370948213
"2457",0.6656519182205
"2458",0.665340574947245
"2459",0.666499463797696
"2460",0.666931885010551
"2461",0.668021586466946
"2462",0.668004289618432
"2463",0.666689729131352
"2464",0.66783132113329
"2465",0.670477738955962
"2466",0.670477738955962
"2467",0.669388037499568
"2468",0.668557788770886
"2469",0.670702597986647
"2470",0.671636627806414
"2471",0.671394471927215
"2472",0.671999861625212
"2473",0.672051752170755
"2474",0.672916594596465
"2475",0.673176047324178
"2476",0.675217075448853
"2477",0.673816030719203
"2478",0.673850624416231
"2479",0.67528626284291
"2480",0.673435500051891
"2481",0.67528626284291
"2482",0.677361884664614
"2483",0.674784654235998
"2484",0.675995433631992
"2485",0.675044106963711
"2486",0.676721901269589
"2487",0.678399695575466
"2488",0.677621337392327
"2489",0.677050541391359
"2490",0.679056975819006
"2491",0.678261320787353
"2492",0.678970491576435
"2493",0.678728335697236
"2494",0.678451586121009
"2495",0.680821254367454
"2496",0.680873144912997
"2497",0.680630989033798
"2498",0.679108866364548
"2499",0.683381187947556
"2500",0.681011519701111
"2501",0.682793095098073
"2502",0.681392050368423
"2503",0.683951983948525
"2504",0.682291486491161
"2505",0.683156328916871
"2506",0.682948766734701
"2507",0.684903310616806
"2508",0.68459196734355
"2509",0.682879579340644
"2510",0.685560590860345
"2511",0.684436295706922
"2512",0.683848202857439
"2513",0.685370325526689
"2514",0.687048119832567
"2515",0.687065416681081
"2516",0.686719479710797
"2517",0.686581104922683
"2518",0.686719479710797
"2519",0.687238385166223
"2520",0.687947555955305
"2521",0.689019960563185
"2522",0.689884802988896
"2523",0.686961635589996
"2524",0.687030822984052
"2525",0.687861071712734
"2526",0.689383194381984
"2527",0.688276196077075
"2528",0.689988584079981
"2529",0.688622133047359
"2530",0.689348600684955
"2531",0.689348600684955
"2532",0.689348600684955
"2533",0.690040474625523
"2534",0.692410142871969
"2535",0.689486975473069
"2536",0.691925831113571
"2537",0.690005880928495
"2538",0.690282630504722
"2539",0.691078285536375
"2540",0.689694537655239
"2541",0.691009098142319
"2542",0.692790673539281
"2543",0.692392846023455
"2544",0.691822050022486
"2545",0.692998235721452
"2546",0.692998235721452
"2547",0.693811187601619
"2548",0.693084719964023
"2549",0.694122530874875
"2550",0.695869512574809
"2551",0.692721486145224
"2552",0.694087937177846
"2553",0.695990590514408
"2554",0.695056560694642
"2555",0.697201369910402
"2556",0.696457605424292
"2557",0.697080291970803
"2558",0.698152696578683
"2559",0.698291071366797
"2560",0.696907323485661
"2561",0.697979728093541
"2562",0.696890026637147
"2563",0.697754869062857
"2564",0.699657522399419
"2565",0.699968865672674
"2566",0.699553741308334
"2567",0.70007264676376
"2568",0.699726709793476
"2569",0.700314802642958
"2570",0.701352613553811
"2571",0.702476908707234
"2572",0.70299581416266
"2573",0.704656311620023
"2574",0.704258484104196
"2575",0.704085515619054
"2576",0.704500639983395
"2577",0.704241187255682
"2578",0.705157920226935
"2579",0.707700556958522
"2580",0.704708202165566
"2581",0.704587124225966
"2582",0.706161137440758
"2583",0.707095167260525
"2584",0.709534022901027
"2585",0.707458401079323
"2586",0.707164354654582
"2587",0.707164354654582
"2588",0.707164354654582
"2589",0.70579790362196
"2590",0.706057356349673
"2591",0.71077939599405
"2592",0.708911336354516
"2593",0.70872107102086
"2594",0.708288649808005
"2595",0.709067007991144
"2596",0.709067007991144
"2597",0.711142629812848
"2598",0.711177223509877
"2599",0.712647455633584
"2600",0.712370706057356
"2601",0.711592347874217
"2602",0.71065831805445
"2603",0.71283772096724
"2604",0.71283772096724
"2605",0.71185180060193
"2606",0.712699346179126
"2607",0.714117687757291
"2608",0.715259279759228
"2609",0.716176012730481
"2610",0.714601999515688
"2611",0.71769813539973
"2612",0.715501435638427
"2613",0.717525166914588
"2614",0.717525166914588
"2615",0.716470059155222
"2616",0.717404088974989
"2617",0.717058152004705
"2618",0.71716193309579
"2619",0.717680838551216
"2620",0.717127339398762
"2621",0.718251634552185
"2622",0.718372712491784
"2623",0.717784619642301
"2624",0.718926211644238
"2625",0.718926211644238
"2626",0.720154287888747
"2627",0.719652679281835
"2628",0.719652679281835
"2629",0.720898052374857
"2630",0.720828864980801
"2631",0.72202234752828
"2632",0.721797488497596
"2633",0.720309959525375
"2634",0.723475282803473
"2635",0.722731518317363
"2636",0.723925000864842
"2637",0.722212612861937
"2638",0.724703359047981
"2639",0.723354204863874
"2640",0.72420175044107
"2641",0.723769329228215
"2642",0.725516310928149
"2643",0.72408067250147
"2644",0.725447123534092
"2645",0.723786626076729
"2646",0.726571418687515
"2647",0.725637388867748
"2648",0.727557339052825
"2649",0.725844951049919
"2650",0.725844951049919
"2651",0.727090324142941
"2652",0.728145431902307
"2653",0.729044868025046
"2654",0.729373508146816
"2655",0.729373508146816
"2656",0.731916144878403
"2657",0.732729096758571
"2658",0.732573425121943
"2659",0.731172380392292
"2660",0.73144912996852
"2661",0.731846957484346
"2662",0.733542048638738
"2663",0.732729096758571
"2664",0.733559345487252
"2665",0.733593939184281
"2666",0.734441484761477
"2667",0.735133358702045
"2668",0.734355000518906
"2669",0.734355000518906
"2670",0.735289030338672
"2671",0.735877123188155
"2672",0.736188466461411
"2673",0.737433839554433
"2674",0.735946310582212
"2675",0.738333275677172
"2676",0.73643062234061
"2677",0.738869477981112
"2678",0.740235929013734
"2679",0.738782993738541
"2680",0.740270522710762
"2681",0.739301899193967
"2682",0.74108347459093
"2683",0.741446708409728
"2684",0.740616459681046
"2685",0.743608814474003
"2686",0.742622894108693
"2687",0.742726675199779
"2688",0.744058532535372
"2689",0.744093126232401
"2690",0.744231501020514
"2691",0.743383955443318
"2692",0.743764486110631
"2693",0.745303905628395
"2694",0.744387172657142
"2695",0.744906078112568
"2696",0.745494170962051
"2697",0.745494170962051
"2698",0.74615145120559
"2699",0.746687653509531
"2700",0.747275746359014
"2701",0.746497388175874
"2702",0.745044452900682
"2703",0.74734493375307
"2704",0.747050887328329
"2705",0.746531981872903
"2706",0.74594388902342
"2707",0.748901650119348
"2708",0.748486525755008
"2709",0.746843325146158
"2710",0.748659494240149
"2711",0.748555713149064
"2712",0.748261666724323
"2713",0.747189262116442
"2714",0.748434635209465
"2715",0.749385961877746
"2716",0.749264883938146
"2717",0.748607603694607
"2718",0.749091915453004
"2719",0.750285398000484
"2720",0.752724253640987
"2721",0.752724253640987
"2722",0.750752412910368
"2723",0.752620472549901
"2724",0.753001003217214
"2725",0.752516691458816
"2726",0.753035596914242
"2727",0.752828034732072
"2728",0.755439858857716
"2729",0.752793441035044
"2730",0.754696094371606
"2731",0.756235513889369
"2732",0.755076625038918
"2733",0.757204137406165
"2734",0.757204137406165
"2735",0.757377105891307
"2736",0.757377105891307
"2737",0.756737122496281
"2738",0.758518697893244
"2739",0.759297056076383
"2740",0.761580240080257
"2741",0.764036392569274
"2742",0.765696890026637
"2743",0.765835264814751
"2744",0.765852561663265
"2745",0.764797453903899
"2746",0.764624485418757
"2747",0.76595634275435
"2748",0.765489327844467
"2749",0.766648216694918
"2750",0.767755214999827
"2751",0.767391981181029
"2752",0.768464385788909
"2753",0.769813539973017
"2754",0.768948697547307
"2755",0.770505413913585
"2756",0.769398415608676
"2757",0.770782163489812
"2758",0.770055695852216
"2759",0.772183208219462
"2760",0.770782163489812
"2761",0.771941052340264
"2762",0.771439443733352
"2763",0.773030753796658
"2764",0.772909675857059
"2765",0.773930189919397
"2766",0.774414501677794
"2767",0.775538796831217
"2768",0.778202511502404
"2769",0.776766873075726
"2770",0.776766873075726
"2771",0.776766873075726
"2772",0.778150620956862
"2773",0.779084650776628
"2774",0.77991489950531
"2775",0.780053274293424
"2776",0.779223025564742
"2777",0.779015463382572
"2778",0.780399211263708
"2779",0.780399211263708
"2780",0.781592693811188
"2781",0.781125678901304
"2782",0.781125678901304
"2783",0.780624070294392
"2784",0.781125678901304
"2785",0.782267270903242
"2786",0.782267270903242
"2787",0.782267270903242
"2788",0.782042411872557
"2789",0.782163489812156
"2790",0.78250942678244
"2791",0.782993738540838
"2792",0.782993738540838
"2793",0.782059708721071
"2794",0.782924551146781
"2795",0.784550454907116
"2796",0.783651018784377
"2797",0.785207735150656
"2798",0.785086657211056
"2799",0.785173141453627
"2800",0.786522295637735
"2801",0.784758017089286
"2802",0.787127685335732
"2803",0.787127685335732
"2804",0.786124468121908
"2805",0.784844501331857
"2806",0.789583837824748
"2807",0.789583837824748
"2808",0.789583837824748
"2809",0.789583837824748
"2810",0.789843290552461
"2811",0.788788182793095
"2812",0.790587055038572
"2813",0.791486491161311
"2814",0.790984882554399
"2815",0.790811914069257
"2816",0.791642162797938
"2817",0.794011831044384
"2818",0.795101532500778
"2819",0.795101532500778
"2820",0.795101532500778
"2821",0.797038779534369
"2822",0.796969592140312
"2823",0.798214965233335
"2824",0.799045213962016
"2825",0.800705711419379
"2826",0.801432179056976
"2827",0.804061300031134
"2828",0.80330023869651
"2829",0.801587850693604
"2830",0.80416508112222
"2831",0.804476424395475
"2832",0.804787767668731
"2833",0.803957518940049
"2834",0.803957518940049
"2835",0.805721797488498
"2836",0.805756391185526
"2837",0.805756391185526
"2838",0.807589857128031
"2839",0.806603936762722
"2840",0.808247137371571
"2841",0.808835230221054
"2842",0.808316324765628
"2843",0.809630885252707
"2844",0.809803853737849
"2845",0.810184384405161
"2846",0.810357352890303
"2847",0.811049226830871
"2848",0.812294599923894
"2849",0.809423323070537
"2850",0.812260006226866
"2851",0.813505379319888
"2852",0.815148579928737
"2853",0.813038364410005
"2854",0.816411249870274
"2855",0.816134500294047
"2856",0.818019856782094
"2857",0.817206904901927
"2858",0.818210122115751
"2859",0.81800255993358
"2860",0.818936589753347
"2861",0.819247933026603
"2862",0.820493306119625
"2863",0.821323554848307
"2864",0.821392742242364
"2865",0.821150586363165
"2866",0.8227764901235
"2867",0.823226208184869
"2868",0.824264019095721
"2869",0.824264019095721
"2870",0.823675926246238
"2871",0.826339640917425
"2872",0.824886705642232
"2873",0.826996921160965
"2874",0.828553637527243
"2875",0.832877849655793
"2876",0.835991282388349
"2877",0.836164250873491
"2878",0.835852907600235
"2879",0.837738264088283
"2880",0.834988065174525
"2881",0.83607776663092
"2882",0.840782509426783
"2883",0.841837617186149
"2884",0.841837617186149
"2885",0.841837617186149
"2886",0.841837617186149
"2887",0.841837617186149
"2888",0.842564084823745
"2889",0.848099076348289
"2890",0.848099076348289
"2891",0.850555228837306
"2892",0.850555228837306
"2893",0.852924897083751
"2894",0.852924897083751
"2895",0.852457882173868
"2896",0.853184349811464
"2897",0.852457882173868
"2898",0.854325941813402
"2899",0.854325941813402
"2900",0.854325941813402
"2901",0.854325941813402
"2902",0.854325941813402
"2903",0.854983222056941
"2904",0.854983222056941
"2905",0.854983222056941
"2906",0.854983222056941
"2907",0.856228595149964
"2908",0.856228595149964
"2909",0.856609125817276
"2910",0.856609125817276
"2911",0.856609125817276
"2912",0.856609125817276
"2913",0.856609125817276
"2914",0.859584183761719
"2915",0.862144117341821
"2916",0.863320303040786
"2917",0.863354896737815
"2918",0.863181928252672
"2919",0.862870584979417
"2920",0.866502923167399
"2921",0.866502923167399
"2922",0.867160203410939
"2923",0.867160203410939
"2924",0.867229390804996
"2925",0.867229390804996
"2926",0.868370982806933
"2927",0.868370982806933
"2928",0.869097450444529
"2929",0.869962292870239
"2930",0.870273636143495
"2931",0.870273636143495
"2932",0.870273636143495
"2933",0.873231397239423
"2934",0.875514581243298
"2935",0.874632441969073
"2936",0.874632441969073
"2937",0.876119970941295
"2938",0.876119970941295
"2939",0.875289722212613
"2940",0.877590203065002
"2941",0.878991247794652
"2942",0.88120524440447
"2943",0.881931712042066
"2944",0.8837997716816
"2945",0.88746670356661
"2946",0.89179091569516
"2947",0.895734597156398
"2948",0.896218908914796
"2949",0.896218908914796
"2950",0.903535475836303
"2951",0.908222921783651
"2952",0.90932992008856
"2953",0.90932992008856
"2954",0.910506105787526
"2955",0.913896288096309
"2956",0.913896288096309
"2957",0.913896288096309
"2958",0.913896288096309
"2959",0.913896288096309
"2960",0.913896288096309
"2961",0.913896288096309
"2962",0.913896288096309
"2963",0.914155740824022
"2964",0.92794132908984
"2965",0.928667796727436
"2966",0.928667796727436
"2967",0.93420278825198
"2968",0.93420278825198
"2969",0.939028608987443
"2970",0.938561594077559
"2971",0.938561594077559
"2972",0.940429653717093
"2973",0.940429653717093
"2974",0.941086933960632
"2975",0.941086933960632
"2976",0.949406718095963
"2977",0.95326391531463
"2978",0.95326391531463
"2979",0.955131974954163
"2980",0.955131974954163
"2981",0.962223682844986
"2982",0.968692704189297
"2983",0.968692704189297
